{
    "model_names": [
        "Linear Linear",
        "Linear Ridge",
        "Linear Lasso",
        "Linear Elastic Net",
        "Gradient Boosting"
    ],
    "metrics": {
        "MSE": [
            94408.21779476364,
            94404.2403942299,
            94374.9370124961,
            94389.11765196262,
            94428.19723494427
        ],
        "RMSE": [
            307.2592029455971,
            307.2527304910892,
            307.20504066908813,
            307.2281198913319,
            307.2917135800187
        ],
        "MAE": [
            194.50225368511104,
            194.4937258374982,
            194.43284052651495,
            194.4610494231392,
            194.0896206210954
        ],
        "R2": [
            0.10729035186699654,
            0.10732796155727464,
            0.10760504984691432,
            0.1074709598919914,
            0.10710142934065137
        ]
    }
}