MSE,RMSE,MAE,R2,MAPE,Explained_Variance
94428.19723494427,307.2917135800187,194.0896206210954,0.10710142934065137,37.46291550018234,0.10710166636967089
