{
    "MSE": 94428.19723494427,
    "RMSE": 307.2917135800187,
    "MAE": 194.0896206210954,
    "R2": 0.10710142934065137,
    "MAPE": 37.46291550018234,
    "Explained_Variance": 0.10710166636967089
}