{
  "training_results": {
    "final_train_loss": 26893.168130473725,
    "final_val_loss": 7847.33740234375,
    "best_val_loss": 6151.47412109375,
    "total_epochs": 19,
    "model_info": {
      "model_type": "CNN Enhanced",
      "total_parameters": 28449,
      "trainable_parameters": 28449,
      "conv_layers": 2,
      "filters": [
        16,
        32
      ],
      "fc_layers": [
        128,
        64,
        32,
        16,
        1
      ],
      "activation": "relu",
      "dropout_rate": 0.2,
      "input_shape": "(1, 4, 13)",
      "output_size": 1
    },
    "training_history": {
      "train_losses": [
        207027.4708897293,
        46123.251567476116,
        37774.73677597532,
        35137.94518809713,
        33586.98336733678,
        33213.072564191876,
        32959.19187898089,
        31048.304886544585,
        31721.730195063694,
        30708.51158190685,
        29141.25933021497,
        29443.90108728105,
        28576.863293690287,
        28007.90281648089,
        28163.11305732484,
        27729.996939689492,
        28258.359686007167,
        27498.130535927547,
        26893.168130473725
      ],
      "val_losses": [
        32907.08984375,
        20730.5234375,
        11373.296875,
        9378.07421875,
        12322.8291015625,
        9752.3173828125,
        10642.9833984375,
        6581.48486328125,
        9482.017578125,
        8720.873046875,
        6151.47412109375,
        7397.37158203125,
        8530.7177734375,
        10205.0,
        7001.763671875,
        11629.1005859375,
        7260.18359375,
        7748.69580078125,
        7847.33740234375
      ]
    }
  },
  "evaluation_results": {
    "MSE": 7830.654296875,
    "RMSE": 88.49098205566406,
    "MAE": 68.01567840576172,
    "R²": 0.9527575561271812,
    "predictions": [
      355.478271484375,
      456.2994689941406,
      253.4842071533203,
      400.46240234375,
      253.1781463623047,
      383.0770568847656,
      511.0082092285156,
      789.1588134765625,
      273.9931640625,
      300.95758056640625
    ],
    "actual_values": [
      401.9200134277344,
      539.3400268554688,
      273.42999267578125,
      476.42999267578125,
      316.0400085449219,
      457.0899963378906,
      585.5700073242188,
      836.4299926757812,
      292.7900085449219,
      369.69000244140625
    ],
    "model_info": {
      "model_type": "CNN Enhanced",
      "total_parameters": 28449,
      "trainable_parameters": 28449,
      "conv_layers": 2,
      "filters": [
        16,
        32
      ],
      "fc_layers": [
        128,
        64,
        32,
        16,
        1
      ],
      "activation": "relu",
      "dropout_rate": 0.2,
      "input_shape": "(1, 4, 13)",
      "output_size": 1
    }
  },
  "model_config": {
    "input_dim": 52,
    "sequence_length": 13,
    "conv_layers": 2,
    "filters": [
      16,
      32
    ],
    "kernel_sizes": [
      5,
      3
    ],
    "activation": "relu",
    "dropout_rate": 0.2,
    "fc_layers": [
      128,
      64,
      32,
      1
    ],
    "learning_rate": 0.001,
    "batch_size": 512,
    "epochs": 100,
    "patience": 8,
    "use_batch_norm": true,
    "use_dropout": true,
    "target_column": "annual_premium",
    "reshape_width": 4
  },
  "timestamp": "2025-11-19T17:43:12.016377"
}