{
    "MSE": 94408.21779476364,
    "RMSE": 307.2592029455971,
    "MAE": 194.50225368511104,
    "R2": 0.10729035186699654,
    "MAPE": 37.483287779113574,
    "Explained_Variance": 0.10729463548470464
}