{
    "MSE": 94374.9370124961,
    "RMSE": 307.20504066908813,
    "MAE": 194.43284052651495,
    "R2": 0.10760504984691432,
    "MAPE": 37.486569982051385,
    "Explained_Variance": 0.10760887055948809
}