MSE,RMSE,MAE,R2,MAPE,Explained_Variance
94404.2403942299,307.2527304910892,194.4937258374982,0.10732796155727464,37.484200990050795,0.1073322212543959
