{
    "MSE": 94389.11765196262,
    "RMSE": 307.2281198913319,
    "MAE": 194.4610494231392,
    "R2": 0.1074709598919914,
    "MAPE": 37.48697729137365,
    "Explained_Variance": 0.10747509672680766
}