MSE,RMSE,MAE,R2,MAPE,Explained_Variance
94408.21779476364,307.2592029455971,194.50225368511104,0.10729035186699654,37.483287779113574,0.10729463548470464
