MSE,RMSE,MAE,R2,MAPE,Explained_Variance
94389.11765196262,307.2281198913319,194.4610494231392,0.1074709598919914,37.48697729137365,0.10747509672680766
