{
    "MSE": 94404.2403942299,
    "RMSE": 307.2527304910892,
    "MAE": 194.4937258374982,
    "R2": 0.10732796155727464,
    "MAPE": 37.484200990050795,
    "Explained_Variance": 0.1073322212543959
}