MSE,RMSE,MAE,R2,MAPE,Explained_Variance
94374.9370124961,307.20504066908813,194.43284052651495,0.10760504984691432,37.486569982051385,0.10760887055948809
